{
	"info": {
		"_postman_id": "03caccb8-c176-4e3f-ae31-751901560b3c",
		"name": "Vue.js Brasil - Feedbacker",
		"schema": "https://schema.getpostman.com/json/collection/v2.1.0/collection.json"
	},
	"item": [
		{
			"name": "Status",
			"item": [
				{
					"name": "Pegar o status",
					"request": {
						"method": "GET",
						"header": [
							{
								"key": "",
								"value": "",
								"type": "text"
							}
						],
						"url": {
							"raw": "http://localhost:3000/?",
							"protocol": "http",
							"host": [
								"localhost"
							],
							"port": "3000",
							"path": [
								""
							],
							"query": [
								{
									"key": "Authorization",
									"value": "Bearer eyJhbGciOiJIUzI1NiIsInR5cCI6IkpXVCJ9.eyJpZCI6ImVhYjc1OWY4LWYyMzgtNGZmOS1hZTkxLWVlMTU1ODk4MjMyOSIsImVtYWlsIjoiaWd1aW5AaWd1aW4ubWUiLCJuYW1lIjoiSWdvciBIYWxmZWxkIiwiaWF0IjoxNjA4NTA2ODAwfQ.AXBHWYY1hioeBXQfhxpI9uBGDH3shKqGgWE2JuTOsh4",
									"disabled": true
								}
							]
						}
					},
					"response": []
				}
			],
			"protocolProfileBehavior": {}
		},
		{
			"name": "Apikey",
			"item": [
				{
					"name": "Checar se a apikey existe",
					"request": {
						"method": "HEAD",
						"header": [],
						"url": {
							"raw": "http://localhost:3000/apikey/exists?apikey=fcd5015c-10d3-4e9c-b395-ec7ed8850165",
							"protocol": "http",
							"host": [
								"localhost"
							],
							"port": "3000",
							"path": [
								"apikey",
								"exists"
							],
							"query": [
								{
									"key": "apikey",
									"value": "fcd5015c-10d3-4e9c-b395-ec7ed8850165"
								}
							]
						}
					},
					"response": []
				}
			],
			"protocolProfileBehavior": {}
		},
		{
			"name": "Auth",
			"item": [
				{
					"name": "Fazer login",
					"request": {
						"method": "POST",
						"header": [],
						"body": {
							"mode": "raw",
							"raw": "{\n    \"email\": \"igor@igor.me\",\n    \"password\": \"1234\"\n}",
							"options": {
								"raw": {
									"language": "json"
								}
							}
						},
						"url": {
							"raw": "http://localhost:3000/auth/login",
							"protocol": "http",
							"host": [
								"localhost"
							],
							"port": "3000",
							"path": [
								"auth",
								"login"
							]
						}
					},
					"response": []
				},
				{
					"name": "Criar um novo usuário",
					"request": {
						"method": "POST",
						"header": [
							{
								"key": "Authorization",
								"value": "Bearer eyJhbGciOiJIUzI1NiIsInR5cCI6IkpXVCJ9.eyJpZCI6Ijc4NzRiNzYwLTIyZTItNDE2NS05NDJhLWE4MDcwODJmNDNhNCIsImVtYWlsIjoiZXZhbi55b3VAZ21haWwuY29tIiwibmFtZSI6IkV2YW4gWW91IiwiaWF0IjoxNjA5ODExOTc4fQ.4M4u5n7n8NMfsNDWNAeLw8q20PBQFFfRHicbwT8r8W8",
								"type": "text"
							}
						],
						"body": {
							"mode": "raw",
							"raw": "{\n\t\"name\": \"Evan You\",\n    \"email\": \"evan.you@gmail.com\",\n    \"password\": \"1234\"\n}",
							"options": {
								"raw": {
									"language": "json"
								}
							}
						},
						"url": {
							"raw": "http://localhost:3000/auth/register",
							"protocol": "http",
							"host": [
								"localhost"
							],
							"port": "3000",
							"path": [
								"auth",
								"register"
							]
						}
					},
					"response": []
				}
			],
			"protocolProfileBehavior": {}
		},
		{
			"name": "Users",
			"item": [
				{
					"name": "Pegar os dados do usuário logado",
					"protocolProfileBehavior": {
						"disableBodyPruning": true
					},
					"request": {
						"method": "GET",
						"header": [
							{
								"key": "Authorization",
								"value": "Bearer eyJhbGciOiJIUzI1NiIsInR5cCI6IkpXVCJ9.eyJpZCI6Ijc4NzRiNzYwLTIyZTItNDE2NS05NDJhLWE4MDcwODJmNDNhNCIsImVtYWlsIjoiZXZhbi55b3VAZ21haWwuY29tIiwibmFtZSI6IkV2YW4gWW91IiwiaWF0IjoxNjA5ODExOTc4fQ.4M4u5n7n8NMfsNDWNAeLw8q20PBQFFfRHicbwT8r8W8",
								"type": "text"
							}
						],
						"body": {
							"mode": "raw",
							"raw": ""
						},
						"url": {
							"raw": "http://localhost:3000/users/me",
							"protocol": "http",
							"host": [
								"localhost"
							],
							"port": "3000",
							"path": [
								"users",
								"me"
							]
						}
					},
					"response": []
				},
				{
					"name": "Gerar uma nova apiKey",
					"request": {
						"method": "POST",
						"header": [
							{
								"key": "Authorization",
								"value": "Bearer eyJhbGciOiJIUzI1NiIsInR5cCI6IkpXVCJ9.eyJpZCI6Ijc4NzRiNzYwLTIyZTItNDE2NS05NDJhLWE4MDcwODJmNDNhNCIsImVtYWlsIjoiZXZhbi55b3VAZ21haWwuY29tIiwibmFtZSI6IkV2YW4gWW91IiwiaWF0IjoxNjA5ODExOTc4fQ.4M4u5n7n8NMfsNDWNAeLw8q20PBQFFfRHicbwT8r8W8",
								"type": "text"
							}
						],
						"url": {
							"raw": "http://localhost:3000/users/me/apikey",
							"protocol": "http",
							"host": [
								"localhost"
							],
							"port": "3000",
							"path": [
								"users",
								"me",
								"apikey"
							]
						}
					},
					"response": []
				}
			],
			"protocolProfileBehavior": {}
		},
		{
			"name": "Feedbacks",
			"item": [
				{
					"name": "Pegar índice de feedbacks",
					"protocolProfileBehavior": {
						"disableBodyPruning": true
					},
					"request": {
						"method": "GET",
						"header": [
							{
								"key": "Authorization",
								"value": "Bearer eyJhbGciOiJIUzI1NiIsInR5cCI6IkpXVCJ9.eyJpZCI6ImVhYjc1OWY4LWYyMzgtNGZmOS1hZTkxLWVlMTU1ODk4MjMyOSIsImVtYWlsIjoiaWdvckBpZ29yLm1lIiwibmFtZSI6Iklnb3IgSGFsZmVsZCIsImlhdCI6MTYxMDQyNjg4OH0.88S5YLssZhC_TgotUZFDlcw5Cc3xlQTB0mqsQcQu1dY",
								"type": "text"
							}
						],
						"body": {
							"mode": "raw",
							"raw": "{\n    \"type\": \"ISSUE\",\n    \"text\": \"Tem um problema aqui\",\n    \"fingerprint\": \"10wdjas0da93r0jf\",\n    \"device\": \"Chrome 34, Mac OS\",\n    \"page\": \"https://feedbacker.com.br/ajuda\"\n}",
							"options": {
								"raw": {
									"language": "json"
								}
							}
						},
						"url": {
							"raw": "http://localhost:3000/feedbacks/summary",
							"protocol": "http",
							"host": [
								"localhost"
							],
							"port": "3000",
							"path": [
								"feedbacks",
								"summary"
							]
						}
					},
					"response": []
				},
				{
					"name": "Pegar todos os feedbacks",
					"request": {
						"method": "GET",
						"header": [
							{
								"key": "Authorization",
								"value": "Bearer eyJhbGciOiJIUzI1NiIsInR5cCI6IkpXVCJ9.eyJpZCI6Ijc4NzRiNzYwLTIyZTItNDE2NS05NDJhLWE4MDcwODJmNDNhNCIsImVtYWlsIjoiZXZhbi55b3VAZ21haWwuY29tIiwibmFtZSI6IkV2YW4gWW91IiwiaWF0IjoxNjA5ODExOTc4fQ.4M4u5n7n8NMfsNDWNAeLw8q20PBQFFfRHicbwT8r8W8",
								"type": "text"
							}
						],
						"url": {
							"raw": "http://localhost:3000/feedbacks",
							"protocol": "http",
							"host": [
								"localhost"
							],
							"port": "3000",
							"path": [
								"feedbacks"
							]
						}
					},
					"response": []
				},
				{
					"name": "Pegar todos os feedbacks do tipo IDEA",
					"request": {
						"method": "GET",
						"header": [
							{
								"key": "Authorization",
								"value": "Bearer eyJhbGciOiJIUzI1NiIsInR5cCI6IkpXVCJ9.eyJpZCI6ImVhYjc1OWY4LWYyMzgtNGZmOS1hZTkxLWVlMTU1ODk4MjMyOSIsImVtYWlsIjoiaWdvckBpZ29yLm1lIiwibmFtZSI6Iklnb3IgSGFsZmVsZCIsImlhdCI6MTYxMDc0MzgyNn0.2R-hm8yCSAtpcvniI1R9CNF_ZzguRaMZoU2pTrwijds",
								"type": "text"
							}
						],
						"url": {
							"raw": "http://localhost:3000/feedbacks?type=idea",
							"protocol": "http",
							"host": [
								"localhost"
							],
							"port": "3000",
							"path": [
								"feedbacks"
							],
							"query": [
								{
									"key": "type",
									"value": "idea"
								}
							]
						}
					},
					"response": []
				},
				{
					"name": "Pegar todos os feedbacks do tipo ISSUE",
					"request": {
						"method": "GET",
						"header": [
							{
								"key": "Authorization",
								"value": "Bearer eyJhbGciOiJIUzI1NiIsInR5cCI6IkpXVCJ9.eyJpZCI6ImVhYjc1OWY4LWYyMzgtNGZmOS1hZTkxLWVlMTU1ODk4MjMyOSIsImVtYWlsIjoiaWdvckBpZ29yLm1lIiwibmFtZSI6Iklnb3IgSGFsZmVsZCIsImlhdCI6MTYxMDc0MzgyNn0.2R-hm8yCSAtpcvniI1R9CNF_ZzguRaMZoU2pTrwijds",
								"type": "text"
							}
						],
						"url": {
							"raw": "http://localhost:3000/feedbacks?type=issue",
							"protocol": "http",
							"host": [
								"localhost"
							],
							"port": "3000",
							"path": [
								"feedbacks"
							],
							"query": [
								{
									"key": "type",
									"value": "issue"
								}
							]
						}
					},
					"response": []
				},
				{
					"name": "Pegar todos os feedbacks do tipo OTHER",
					"request": {
						"method": "GET",
						"header": [
							{
								"key": "Authorization",
								"value": "Bearer eyJhbGciOiJIUzI1NiIsInR5cCI6IkpXVCJ9.eyJpZCI6ImVhYjc1OWY4LWYyMzgtNGZmOS1hZTkxLWVlMTU1ODk4MjMyOSIsImVtYWlsIjoiaWdvckBpZ29yLm1lIiwibmFtZSI6Iklnb3IgSGFsZmVsZCIsImlhdCI6MTYxMDc0MzgyNn0.2R-hm8yCSAtpcvniI1R9CNF_ZzguRaMZoU2pTrwijds",
								"type": "text"
							}
						],
						"url": {
							"raw": "http://localhost:3000/feedbacks?type=other",
							"protocol": "http",
							"host": [
								"localhost"
							],
							"port": "3000",
							"path": [
								"feedbacks"
							],
							"query": [
								{
									"key": "type",
									"value": "other"
								}
							]
						}
					},
					"response": []
				},
				{
					"name": "Criar um feedback ISSUE",
					"request": {
						"method": "POST",
						"header": [
							{
								"key": "Authorization",
								"value": "Bearer eyJhbGciOiJIUzI1NiIsInR5cCI6IkpXVCJ9.eyJpZCI6Ijc4NzRiNzYwLTIyZTItNDE2NS05NDJhLWE4MDcwODJmNDNhNCIsImVtYWlsIjoiZXZhbi55b3VAZ21haWwuY29tIiwibmFtZSI6IkV2YW4gWW91IiwiaWF0IjoxNjA5ODExOTc4fQ.4M4u5n7n8NMfsNDWNAeLw8q20PBQFFfRHicbwT8r8W8",
								"type": "text"
							}
						],
						"body": {
							"mode": "raw",
							"raw": "{\n    \"type\": \"ISSUE\",\n    \"text\": \"Tem um problema aqui\",\n    \"fingerprint\": \"10wdjas0da93r0jf\",\n    \"device\": \"Chrome 34, Mac OS\",\n    \"page\": \"https://feedbacker.com.br/ajuda\"\n}",
							"options": {
								"raw": {
									"language": "json"
								}
							}
						},
						"url": {
							"raw": "http://localhost:3000/feedbacks",
							"protocol": "http",
							"host": [
								"localhost"
							],
							"port": "3000",
							"path": [
								"feedbacks"
							]
						}
					},
					"response": []
				},
				{
					"name": "Criar um feedback IDEA",
					"request": {
						"method": "POST",
						"header": [
							{
								"key": "Authorization",
								"value": "Bearer eyJhbGciOiJIUzI1NiIsInR5cCI6IkpXVCJ9.eyJpZCI6Ijc4NzRiNzYwLTIyZTItNDE2NS05NDJhLWE4MDcwODJmNDNhNCIsImVtYWlsIjoiZXZhbi55b3VAZ21haWwuY29tIiwibmFtZSI6IkV2YW4gWW91IiwiaWF0IjoxNjA5ODExOTc4fQ.4M4u5n7n8NMfsNDWNAeLw8q20PBQFFfRHicbwT8r8W8",
								"type": "text"
							}
						],
						"body": {
							"mode": "raw",
							"raw": "{\n    \"type\": \"IDEA\",\n    \"text\": \"E se mudar a cor dessa página?\",\n    \"fingerprint\": \"10wdjas0da93r0jf\",\n    \"device\": \"Chrome 34, Mac OS\",\n    \"page\": \"https://feedbacker.com.br/ajuda\"\n}",
							"options": {
								"raw": {
									"language": "json"
								}
							}
						},
						"url": {
							"raw": "http://localhost:3000/feedbacks",
							"protocol": "http",
							"host": [
								"localhost"
							],
							"port": "3000",
							"path": [
								"feedbacks"
							]
						}
					},
					"response": []
				},
				{
					"name": "Criar um feedback OTHER",
					"request": {
						"method": "POST",
						"header": [
							{
								"key": "Authorization",
								"value": "Bearer eyJhbGciOiJIUzI1NiIsInR5cCI6IkpXVCJ9.eyJpZCI6Ijc4NzRiNzYwLTIyZTItNDE2NS05NDJhLWE4MDcwODJmNDNhNCIsImVtYWlsIjoiZXZhbi55b3VAZ21haWwuY29tIiwibmFtZSI6IkV2YW4gWW91IiwiaWF0IjoxNjA5ODExOTc4fQ.4M4u5n7n8NMfsNDWNAeLw8q20PBQFFfRHicbwT8r8W8",
								"type": "text"
							}
						],
						"body": {
							"mode": "raw",
							"raw": "{\n    \"type\": \"OTHER\",\n    \"text\": \"Muito show!\",\n    \"fingerprint\": \"10wdjas0da93r0jf\",\n    \"device\": \"Chrome 34, Mac OS\",\n    \"page\": \"https://feedbacker.com.br/ajuda\"\n}",
							"options": {
								"raw": {
									"language": "json"
								}
							}
						},
						"url": {
							"raw": "http://localhost:3000/feedbacks",
							"protocol": "http",
							"host": [
								"localhost"
							],
							"port": "3000",
							"path": [
								"feedbacks"
							]
						}
					},
					"response": []
				}
			],
			"protocolProfileBehavior": {}
		}
	],
	"protocolProfileBehavior": {}
}